EmployeeID,Name,Department,Salary,DateOfJoining
1001,Renee Johnson,Operations,70836,2021-09-03
1002,Bryan Vasquez,Sales,62187,2024-03-26
1003,Grace Gibson,Marketing,38567,2018-09-04
1004,Kevin Carter,HR,52551,2022-01-03
1005,Craig Wilson,Operations,68733,2021-09-26
1006,Ashley Glover,IT,72461,2024-02-10
1007,Matthew Orr,Legal,63542,2021-07-31
1008,John Aguilar,IT,93596,2025-07-18
1009,Richard Rosario,Finance,57790,2015-10-02
1010,Casey Wise,Operations,43836,2020-05-31
1011,Rebecca Montoya,Legal,72261,2023-04-06
1012,John Lynch,Legal,73755,2016-05-13
1013,Randy Velez,Legal,87540,2024-08-19
1014,Mary Huynh,Legal,64363,2021-03-04
1015,Rebecca Bowers,Operations,51290,2021-03-26
1016,Jamie Kent,Marketing,39016,2023-12-28
1017,Andre Turner,Operations,41132,2023-08-17
1018,Glenn Miranda DDS,Sales,46549,2025-06-27
1019,Angela Clark,HR,50120,2016-11-22
1020,Eric Johnson,Marketing,61531,2025-06-02
1021,Sara Parker,Finance,87707,2025-03-11
1022,Christina Cruz,Marketing,70619,2017-02-16
1023,Patricia Hawkins,Sales,55244,2023-01-05
1024,Linda Baker,IT,60342,2023-06-22
1025,Mark Dunn MD,HR,57899,2016-03-27
1026,Jessica Rodgers,Marketing,66995,2016-09-28
1027,Christopher Parker,IT,71310,2021-07-15
1028,Samuel Perry,IT,82376,2024-08-20
1029,Jessica Cochran,HR,47629,2021-09-13
1030,Austin Knox,Operations,47585,2016-01-29
1031,Justin Roberts,Operations,52630,2017-03-22
1032,Megan Case,Operations,77318,2022-07-05
1033,Lauren Turner,Legal,77647,2019-11-08
1034,Nathan Jenkins,Sales,55881,2016-02-28
1035,Dylan Alvarado,Legal,93857,2020-03-18
1036,Stacy Lewis,Legal,67821,2017-04-04
1037,Allen Mayo,Legal,77455,2021-01-02
1038,Erin Gallegos,IT,88238,2020-04-10
1039,Olivia Austin,HR,53833,2021-11-23
1040,Mitchell Jackson,Legal,90159,2025-07-16
1041,Donald Larson,Operations,78800,2022-07-30
1042,Michelle Burch,HR,53751,2020-01-25
1043,John Taylor,Legal,87144,2023-10-24
1044,Tracy Cole,HR,44078,2025-02-15
1045,Kevin Brooks,Legal,72751,2019-12-27
1046,Amber Wells,Operations,54263,2023-07-23
1047,Daniel Hardin,Finance,58613,2015-11-22
1048,Cindy Arias,HR,53584,2022-11-29
1049,Andrew Powers,Finance,74278,2023-06-06
1050,Diane Rush,Legal,81585,2016-04-25
1051,Jeffrey Smith,Sales,31745,2023-07-28
1052,Angela Obrien,HR,50405,2019-08-01
1053,Casey Jackson,Finance,71772,2018-12-23
1054,Edgar Newman,Legal,92054,2024-11-23
1055,Amber Myers,Sales,37520,2019-04-11
1056,Alyssa Smith,Sales,65017,2018-06-17
1057,Beverly Costa,IT,85804,2021-03-30
1058,Scott Beck,Legal,73195,2022-12-27
1059,Abigail Shields,Operations,41242,2020-12-03
1060,Troy Hodges,Operations,64348,2021-08-04
1061,John Martinez,Marketing,70397,2020-11-25
1062,Rhonda Cruz,Finance,55980,2016-05-25
1063,Mark Reed,IT,71162,2018-10-02
1064,Eric Hart,Legal,56962,2019-03-25
1065,Gary Harris,Operations,44738,2016-01-04
1066,Paul Dixon,HR,42659,2022-02-04
1067,Eric Floyd,Marketing,72096,2024-12-31
1068,Karen Ho,Legal,68425,2023-03-31
1069,Gerald Bennett,IT,89870,2019-05-17
1070,Christopher Jones,Legal,60053,2024-10-17
1071,Daniel Velazquez,Finance,53002,2025-09-04
1072,Leslie Le,HR,58100,2016-11-21
1073,Derek Lowe,Marketing,70528,2017-09-01
1074,Ruben Cruz,Operations,77359,2019-08-05
1075,Linda Jenkins,Marketing,44495,2015-10-08
1076,Steven Wright,Sales,63607,2017-06-27
1077,Joshua Graves,Marketing,36017,2024-09-07
1078,Lori Bowen,Finance,56771,2020-08-09
1079,Patrick Cruz,Finance,71680,2022-06-27
1080,Rhonda Rodriguez,Sales,43682,2016-12-24
1081,Brandon Kerr,HR,56120,2016-08-17
1082,Richard Harris,IT,83668,2016-12-21
1083,Earl Cook,Sales,68020,2016-02-18
1084,Adrian Gonzales,Sales,59110,2021-06-05
1085,Jill Cortez,Operations,42872,2018-03-14
1086,Jessica Pratt,Legal,86862,2020-04-04
1087,David Farrell,HR,49975,2024-05-22
1088,Kathryn Smith,Legal,69800,2020-07-14
1089,Alexandra Herrera,Finance,83680,2025-09-05
1090,Scott Jennings,HR,54750,2018-11-16
1091,Karen Randolph,Finance,79000,2023-04-10
1092,Joshua Gray,Legal,73220,2015-11-06
1093,Lisa Moore,IT,94578,2022-08-21
1094,Valerie Hill,Legal,90922,2021-03-17
1095,Melinda Sawyer,Sales,36235,2020-07-07
1096,Regina Yang,IT,70162,2020-07-15
1097,Mary Palmer,Operations,41276,2023-10-19
1098,Tasha Hines,Legal,84207,2017-04-22
1099,Karen Mathis,Operations,69647,2022-01-15
1100,Joshua Ferguson,Marketing,40514,2016-03-27
1101,Alison Perry,Legal,68829,2019-03-12
1102,Ruth Hoover,Legal,91950,2016-07-26
1103,Steve Robinson,Sales,56364,2024-10-18
1104,Michael Sanchez,Sales,67103,2017-05-27
1105,Cassandra Douglas,Marketing,43599,2019-10-28
1106,Anthony Walker,IT,61131,2019-05-04
1107,Michael Wright,HR,50825,2018-01-30
1108,James Graham,Marketing,35718,2024-12-11
1109,Patrick Allen,Finance,60156,2017-10-05
1110,Colleen Lee,IT,60692,2018-08-18
1111,Steven Reynolds,Sales,41506,2016-09-04
1112,Jessica Brady,IT,69159,2017-09-27
1113,Brittany Alvarado,Sales,60086,2016-01-11
1114,Lucas Mclaughlin,Finance,57126,2024-05-24
1115,Devin Marquez,Legal,68490,2025-08-19
1116,Stephanie Davis,IT,60037,2020-01-20
1117,John Guerra,Marketing,73516,2017-01-04
1118,Robert Lopez,IT,79158,2022-02-14
1119,Robert Hughes,Finance,51654,2024-06-03
1120,Kimberly Anderson,Legal,63908,2021-11-06
1121,Joshua Barton,Finance,73988,2016-02-01
1122,Natasha Hodge,Finance,83243,2024-07-05
1123,Bethany Krueger,Finance,56295,2020-10-10
1124,Sarah White,HR,50677,2015-11-18
1125,Haley Dunlap,Sales,39957,2023-06-29
1126,Jonathan Wilson,Finance,72059,2023-07-06
1127,Andrea Pierce,Marketing,43728,2020-08-12
1128,Evan Melendez,Operations,74437,2025-02-25
1129,Michelle Rivera,HR,59945,2016-10-22
1130,Jerry Robinson,Finance,54458,2016-03-05
1131,Anna Bradley,Legal,74672,2018-10-23
1132,Glenn Bennett,Legal,72325,2022-11-25
1133,Cameron Turner,IT,66825,2025-02-19
1134,Erin Wilson,Marketing,44774,2025-03-10
1135,Michael Blake,Legal,84274,2016-01-08
1136,Stephanie Mcguire,HR,59275,2017-11-29
1137,Nicole Mendez,Finance,77572,2018-08-28
1138,Richard Hardy,Operations,62527,2019-12-22
1139,Lindsay Sanchez,HR,51463,2015-12-27
1140,Jeffrey Munoz,IT,82654,2016-04-05
1141,Cheryl Stephens,Legal,86636,2021-04-25
1142,Alicia Price,Legal,56239,2023-11-11
1143,Jill Bauer,IT,73507,2019-09-20
1144,Stephen Barnes,Finance,74357,2023-12-11
1145,Jay Mason,Operations,48107,2021-06-22
1146,Stephanie Ryan,Sales,64162,2019-07-05
1147,Derrick Schmidt,Legal,64829,2023-11-20
1148,Marie Hansen,Finance,63326,2025-02-20
1149,April Zamora,IT,92263,2024-06-03
1150,Christine Beltran,Finance,82138,2017-11-20
1151,Nathan Love,Legal,55322,2019-06-15
1152,Laura Pitts,Marketing,74706,2021-02-23
1153,Caitlin Williams,Sales,52846,2022-11-01
1154,Barbara Pearson,Marketing,61879,2022-12-30
1155,Amber Moore,Legal,83440,2019-10-08
1156,Curtis Vazquez,Marketing,73181,2022-11-17
1157,Mrs. Leslie Johnson,HR,47401,2025-04-15
1158,Cindy Lee,HR,53853,2018-12-15
1159,Dustin Fuentes,Marketing,37433,2020-09-17
1160,Kristen Donovan,Operations,64289,2025-08-19
1161,Margaret Gilbert,Sales,52267,2021-11-13
1162,John Wood,IT,98797,2021-10-17
1163,Thomas Combs,Operations,58648,2019-07-23
1164,Susan Hill,Operations,57616,2016-01-08
1165,Brooke Jackson,Sales,51446,2020-04-23
1166,Mia Williams,IT,81334,2016-10-31
1167,Billy Wagner,Legal,87599,2016-05-04
1168,Tina Tapia,Finance,55454,2021-09-13
1169,Joseph Campbell,Sales,46858,2016-01-23
1170,Joseph Parrish,IT,64501,2021-05-15
1171,Katrina Jones,Marketing,70856,2021-06-14
1172,Abigail Clarke,Operations,44059,2019-04-16
1173,Heather Walls,Legal,91486,2018-06-04
1174,Peter King,IT,62705,2015-12-26
1175,Lisa Hopkins,Sales,64859,2015-12-16
1176,Elizabeth Turner,IT,95172,2017-02-22
1177,Eric Little,Finance,73503,2020-01-29
1178,Ann Pearson,Legal,91581,2021-01-03
1179,Kim King,Sales,56907,2021-03-22
1180,Jimmy Parker,Operations,68691,2021-09-22
1181,Dennis Chavez,Marketing,71078,2016-04-08
1182,Amber Holt DVM,Operations,57196,2025-05-01
1183,Kristina Gill,Sales,52532,2021-07-10
1184,Jordan Garcia,Finance,80301,2017-05-25
1185,Scott Smith,Marketing,49551,2025-08-24
1186,Justin Nunez,Sales,35201,2018-10-31
1187,Travis Fisher,Sales,52262,2018-12-27
1188,Ryan Nelson,Marketing,53606,2021-09-28
1189,Samantha Stone,HR,58698,2025-03-02
1190,Alicia Morales,HR,49914,2019-05-14
1191,Kenneth Mays,Operations,65794,2023-09-02
1192,Laura Miller,Operations,63403,2020-10-29
1193,Kathryn Carlson,Sales,34872,2020-08-08
1194,Karen Jenkins,HR,55177,2018-02-05
1195,Melissa Fischer,Operations,74297,2017-01-03
1196,Tammy Powell,Sales,50831,2016-02-09
1197,Anthony Gutierrez,Legal,81012,2020-08-16
1198,Gabriel Elliott,Finance,60185,2017-04-13
1199,Anthony Davis,Legal,73442,2024-10-05
1200,Carl Davis,IT,66328,2019-03-14
1201,Susan Valdez,Legal,60254,2015-09-18
1202,Maria Klein,Finance,65925,2023-03-21
1203,Jessica Barker,Finance,59763,2019-09-11
1204,Cassandra Boyd,IT,93730,2019-10-16
1205,Kathryn Proctor,Operations,49509,2024-08-21
1206,Charles Brown,IT,71137,2018-08-01
1207,Matthew Smith,Marketing,73067,2018-09-22
1208,Cynthia Davis,Legal,76623,2020-02-06
1209,William Randall,Marketing,65074,2023-12-07
1210,John Jones,HR,41710,2018-04-06
1211,Angela Brown,HR,59552,2019-08-10
1212,Ryan Walker,HR,41885,2023-12-16
1213,Melissa Martin,Legal,72524,2019-10-28
1214,Diane Velez,Marketing,54540,2018-03-02
1215,Ricky Bean,IT,81480,2023-11-16
1216,Nicole Wallace,Finance,66632,2019-07-09
1217,James Gutierrez,Finance,72896,2018-06-23
1218,Matthew Sexton,Marketing,70696,2017-02-26
1219,Johnathan Graham,Finance,63410,2019-05-05
1220,Kathy Blankenship,Operations,43210,2020-02-04
1221,Michael Torres,Operations,48605,2016-11-07
1222,Justin Roy,Operations,74452,2018-08-08
1223,Roberta Nixon,HR,41284,2020-04-11
1224,Dakota Meadows,Marketing,63191,2024-03-22
1225,Ricky Simpson,Operations,41900,2018-12-27
1226,Julian Daniel,Finance,72749,2023-09-21
1227,Lisa Smith,HR,43650,2017-09-26
1228,Leah Reyes,IT,72070,2023-03-10
1229,Jeremy Doyle,IT,63532,2017-01-09
1230,Mrs. Carolyn Gordon DVM,Marketing,42968,2021-01-04
1231,Chelsea Tran,Operations,47679,2020-11-30
1232,Gary Sanders,Legal,92136,2022-07-20
1233,Jared Webb,Finance,81405,2023-01-26
1234,Wendy Russell,Finance,50866,2020-09-03
1235,Kathleen Oconnell,IT,87689,2022-03-21
1236,Michael Huang,Legal,78943,2017-05-14
1237,Jodi Dyer,Marketing,69577,2018-07-27
1238,Lauren Washington,HR,53484,2020-05-05
1239,Erica Lewis,Operations,75563,2019-04-12
1240,Joseph Hicks,Sales,45817,2015-11-12
1241,Christina York,Operations,42804,2019-11-03
1242,Elizabeth Kennedy,Finance,84969,2024-03-30
1243,Virginia Johnson,Finance,66603,2020-08-28
1244,Erik Carpenter,Marketing,48687,2015-11-12
1245,Lisa Ball,IT,77475,2024-12-11
1246,Lisa Tucker,Marketing,48658,2021-05-09
1247,Isaac Ross,Sales,62307,2021-06-18
1248,Joe Fields,Legal,76284,2018-06-16
1249,Mary Allison,Sales,68261,2020-08-08
1250,Stacy Moyer,IT,71135,2022-01-20
1251,Matthew Bender,Marketing,49490,2020-03-24
1252,Brady Taylor,HR,56453,2016-12-29
1253,Jon Baker,Operations,49642,2024-11-15
1254,Dennis Howard,HR,57406,2020-02-02
1255,Daniel Duran,HR,52397,2022-06-09
1256,Evelyn Walker,HR,54168,2016-04-16
1257,Corey Baldwin,Marketing,54783,2022-07-02
1258,Aaron Guzman,Finance,56006,2020-12-10
1259,Nathan Wang,IT,75118,2023-08-25
1260,Jordan Everett,IT,74903,2017-09-27
1261,Patrick Clark,HR,49759,2025-07-06
1262,Yolanda Hill,IT,92659,2023-09-10
1263,Amy Williams,HR,45700,2024-09-24
1264,Lisa Lopez,HR,44917,2021-01-27
1265,James Norris,Operations,70658,2021-11-27
1266,David Perez,Finance,54510,2017-09-03
1267,Cameron Beard,Finance,86842,2017-06-07
1268,Brenda Berry,Marketing,72411,2016-05-15
1269,Angela Smith,Marketing,57862,2016-11-29
1270,Tony Carter,HR,52002,2019-02-13
1271,Janice Johnson,Sales,45183,2018-07-30
1272,Sara Lyons,IT,75647,2017-06-15
1273,Eric Carson,Finance,86897,2022-05-25
1274,Eric Patrick,HR,44743,2016-08-19
1275,Christopher Whitehead,Finance,51950,2020-02-05
1276,Matthew Cruz,IT,91725,2015-10-30
1277,Karen Nelson,Marketing,74748,2022-11-06
1278,Casey Wiggins,Legal,56626,2015-11-27
1279,Steven Ware,Finance,58919,2024-01-06
1280,Kevin Edwards,IT,76461,2018-10-11
1281,Teresa Carney,Operations,58348,2016-07-07
1282,Brandon Williams,IT,82352,2018-06-02
1283,Jenna Bentley,HR,59150,2022-09-21
1284,Dr. Scott Payne,Marketing,55037,2019-12-15
1285,Douglas Frazier,Sales,30192,2016-05-17
1286,Scott Carr,Marketing,48011,2025-09-08
1287,Tina Webb,HR,48909,2025-07-14
1288,Leroy Jensen,Legal,75688,2018-12-27
1289,Jacob Thompson,Sales,56177,2019-06-07
1290,Justin Nichols,Sales,61099,2025-08-10
1291,Brett White,Legal,90950,2025-05-01
1292,Diana Garcia,HR,58226,2019-02-04
1293,Holly Cobb,Legal,86261,2018-07-02
1294,Dustin Davis,Marketing,57212,2023-04-27
1295,Jeffrey Hall,Finance,68226,2018-12-26
1296,Miranda Avery,Sales,40691,2017-06-04
1297,Kimberly Snyder,IT,69523,2020-06-15
1298,Laura Powell,HR,42585,2021-02-03
1299,Kimberly Camacho,Operations,57450,2022-11-16
1300,Thomas Abbott,Legal,75227,2021-07-20
1301,Tom Sanders,Finance,61664,2020-12-03
1302,Jasmin Callahan,Operations,54470,2022-02-23
1303,Christine Wilson,Legal,83662,2017-06-11
1304,Heather Nguyen,Marketing,70470,2023-07-04
1305,David Burke,Operations,55692,2021-03-12
1306,Mark Townsend,Finance,86517,2021-05-01
1307,Heather Avery,Marketing,62632,2018-06-15
1308,Larry Le,Marketing,42266,2024-09-22
1309,Jill Davis,Finance,80073,2023-12-08
1310,Mariah Vargas,Legal,61051,2018-11-21
1311,David Bowman,Marketing,38735,2016-01-15
1312,Adrian Phillips,Operations,49921,2018-08-09
1313,Matthew Chang,IT,90292,2025-06-21
1314,Marilyn Hart,IT,63707,2017-04-24
1315,Leslie Harris,Operations,47230,2016-01-24
1316,Christopher Sanders,Legal,67551,2016-12-16
1317,Philip Ward,Operations,79359,2020-06-18
1318,Kelsey Nelson,IT,77757,2020-11-14
1319,Sandy Davis,Marketing,38824,2019-03-18
1320,Douglas Trevino,Finance,56177,2022-07-06
1321,Maxwell Kelley,HR,41079,2016-08-09
1322,Ryan Warren,Finance,88120,2023-08-14
1323,Brian Hoffman,Operations,60642,2016-05-31
1324,Sara Murray,HR,43056,2018-03-19
1325,Thomas Baker,HR,53935,2019-11-19
1326,Melissa Guzman,Finance,78665,2021-01-25
1327,Colleen Davis,IT,82954,2017-10-05
1328,Jeffery Barnes,Operations,57962,2021-04-01
1329,Joseph Brown,Marketing,45816,2025-04-23
1330,Jeremiah Mendoza,Marketing,53097,2024-03-17
1331,James Cantrell,IT,67934,2018-10-01
1332,James Deleon,HR,53160,2022-06-13
1333,Jill Tanner,HR,52261,2017-03-17
1334,Mark Turner,IT,97474,2020-08-20
1335,Ronald Rosales,Sales,61982,2017-02-16
1336,Kara Mcclain,HR,45494,2017-04-02
1337,Jonathan Bonilla,Legal,60642,2018-02-07
1338,Joel Price,Marketing,74421,2025-06-14
1339,Cynthia Gay,IT,82970,2016-12-28
1340,Jessica Lee,Legal,58323,2025-05-09
1341,Richard Coffey,Marketing,51687,2017-11-11
1342,Alexander Spence,Finance,52695,2018-11-17
1343,Brenda Ford,Finance,79432,2018-03-01
1344,Steven Perkins,Sales,38813,2020-05-11
1345,Mary Norris,HR,47634,2018-06-22
1346,Susan Levy,HR,40414,2016-11-28
1347,Cheryl Anderson,Marketing,71146,2021-06-07
1348,Dominique Williams,Operations,45503,2022-10-24
1349,Brian Dickerson,Finance,65650,2022-10-04
1350,Rebecca Phillips,HR,57144,2016-01-09
1351,Peter Aguilar,Operations,49406,2016-07-07
1352,Michaela Case,Sales,30201,2018-03-25
1353,Erik Hobbs,Finance,77036,2021-01-20
1354,Stephanie Garner,Operations,49371,2024-08-22
1355,Kelli Larson,IT,61694,2020-12-19
1356,Amanda Green,HR,49499,2017-02-17
1357,William Henson,Legal,61837,2018-12-26
1358,Joseph Garcia,Finance,81066,2016-12-13
1359,Marcus Walls,Sales,30281,2024-03-31
1360,Angela Diaz,Finance,73463,2019-09-11
1361,Randy Lee,Legal,89360,2024-08-28
1362,Paul Johnston,Marketing,39462,2022-03-26
1363,Nancy Carr,Legal,86067,2024-10-31
1364,Joseph Rojas,Legal,86443,2018-10-04
1365,Ann Davis,Finance,59172,2018-08-07
1366,Rose Harrison,Legal,71493,2019-09-24
1367,Courtney Walker,IT,62532,2019-02-15
1368,Mike Gordon,Finance,78882,2020-05-30
1369,Thomas Goodwin,Operations,47324,2022-04-30
1370,Karen Castro,Sales,49763,2023-03-27
1371,Jeffrey Flores,Operations,76432,2017-06-22
1372,Jared Martin,Sales,55975,2019-02-17
1373,James Hancock,Finance,63405,2024-12-27
1374,David Robinson,HR,53446,2017-08-12
1375,Mr. Roger Holt,Marketing,38613,2019-02-10
1376,David Martinez,HR,45528,2017-01-16
1377,Connie Harris,Sales,53740,2017-01-03
1378,Matthew Hayes,Sales,61123,2022-04-20
1379,Timothy Fowler,Sales,34648,2017-08-21
1380,Bruce Ramsey,Marketing,50436,2023-02-02
1381,Taylor Kim,Legal,57156,2021-02-27
1382,James Barton,Marketing,46652,2017-06-22
1383,Catherine Hawkins,Sales,43127,2022-07-11
1384,Donna Swanson,Finance,55882,2022-09-01
1385,Mark Sanders,Legal,83628,2016-10-13
1386,Kathleen Mcgrath,Legal,62231,2022-03-31
1387,Sean Rush,Finance,82773,2020-01-13
1388,Veronica Meyer,Marketing,43148,2025-09-06
1389,Elizabeth Galvan,HR,56766,2020-07-09
1390,Gloria Anderson,IT,74109,2021-02-04
1391,Daniel Sandoval,Sales,54413,2022-08-21
1392,Angela Foster,IT,66598,2016-09-10
1393,Joshua Clark,Sales,34857,2023-12-17
1394,Kevin Werner,IT,64212,2024-07-02
1395,Andrew Aguilar,IT,97029,2023-09-05
1396,Ashley Gaines,HR,52732,2025-03-25
1397,Anthony Williams,HR,53697,2025-06-03
1398,Andrew Williams,Sales,68487,2023-09-06
1399,Kevin Kim,HR,40474,2020-03-22
1400,Jessica Boyle,Sales,38306,2020-07-21
1401,Shari Wilson,Finance,74233,2017-05-17
1402,Patricia Moore,Marketing,70054,2020-05-24
1403,Christopher Miller,Marketing,45038,2017-01-23
1404,Daniel Gregory,Legal,92427,2017-09-13
1405,Jonathan Christensen,Operations,65265,2018-04-24
1406,Christine Smith,Legal,92969,2023-04-15
1407,Angela Tucker,IT,61937,2022-05-12
1408,Travis Simmons,Sales,32609,2020-01-25
1409,Veronica Ford,Finance,88900,2023-10-28
1410,Christina Brooks,IT,90486,2021-11-04
1411,Andrew Ramirez,Marketing,67994,2019-11-11
1412,Tara Bruce,HR,43689,2020-06-26
1413,Shawn Braun,Marketing,48961,2019-06-02
1414,Janet Ortiz,HR,44694,2018-06-05
1415,Rick Brandt,HR,51314,2025-04-08
1416,Christine Lewis,Marketing,71253,2025-01-17
1417,Katherine Anderson,Finance,61187,2021-02-15
1418,Pamela Daniel,Finance,77990,2020-09-02
1419,Molly Williams,Operations,49785,2022-12-13
1420,Jerry Lopez,IT,80796,2016-12-09
1421,Stephen Levine,Legal,84692,2025-03-05
1422,Nicholas Rush,Legal,89001,2023-09-09
1423,Alejandra Tucker,Sales,39499,2018-02-02
1424,Lee Garcia,Sales,32182,2015-12-15
1425,Andrew Hall,Operations,67105,2025-07-17
1426,Connie Barber,IT,67984,2019-08-13
1427,Lindsey Collins,HR,42259,2020-07-29
1428,Sophia Cole,Legal,80081,2023-03-13
1429,Andrew Melton,Legal,80663,2022-01-19
1430,Brenda Stewart,IT,68529,2022-08-06
1431,Brandy Small,Marketing,74276,2023-04-06
1432,Andrea Le,Finance,76062,2018-10-23
1433,Erin Smith MD,Marketing,63463,2020-02-09
1434,Antonio Gonzalez,Operations,71329,2020-03-07
1435,Randy Weaver,HR,41239,2021-12-22
1436,Shelby Moore,IT,82603,2020-06-18
1437,Matthew Harris,Legal,68247,2017-09-23
1438,Joe Bishop,IT,63264,2021-04-09
1439,Julie Santos,Finance,71247,2020-12-15
1440,Patrick Moyer,IT,80416,2016-09-06
1441,Cassandra Mcmillan,Operations,50164,2021-03-16
1442,Gary Carter,Marketing,63581,2025-03-30
1443,John Bell,Finance,75287,2025-02-01
1444,Christian Holmes,IT,75294,2024-01-03
1445,Nicole Parrish,HR,56864,2024-01-22
1446,Mark Evans,Legal,93871,2016-06-10
1447,John Barker,Sales,55851,2021-02-01
1448,Leslie Johnson,Sales,52002,2018-01-14
1449,Elizabeth Mendoza,Legal,56873,2015-12-24
1450,Elizabeth Moran,Legal,58743,2018-09-11
1451,James White,Operations,53447,2018-05-24
1452,Donald Weaver,Sales,54525,2016-03-24
1453,Belinda Herrera,Legal,60518,2020-10-01
1454,Mrs. Jennifer Cross DDS,Legal,79690,2025-07-25
1455,Deanna Dunn,Sales,30788,2024-10-07
1456,Dana Ramirez,Marketing,69347,2022-09-19
1457,Heather Washington,IT,90422,2015-12-25
1458,Amanda Moore,IT,76064,2021-01-14
1459,Samuel Steele,Sales,45491,2025-03-24
1460,Cameron Novak,Sales,52906,2015-09-19
1461,Elizabeth Porter,HR,43973,2020-05-10
1462,Zachary Walker,Finance,81982,2019-01-10
1463,Ashley Elliott,IT,91669,2019-10-29
1464,Scott Meyer,Sales,62752,2016-01-22
1465,Gregory Patel,IT,79521,2017-08-08
1466,Theodore Villanueva,HR,44924,2022-07-21
1467,Daniel Smith,IT,71645,2022-01-07
1468,Douglas Allen,Finance,65334,2024-02-15
1469,Paul Gonzalez,Sales,53807,2018-02-26
1470,Tara Moreno,HR,50722,2021-10-16
1471,Christina Day,IT,80549,2016-08-28
1472,William Brown,Finance,52862,2022-06-19
1473,Kevin Carroll,Sales,66789,2020-02-18
1474,Justin Mccann,Finance,67790,2025-03-15
1475,David Nguyen,Finance,89478,2023-12-24
1476,Jack Mitchell,IT,86153,2018-02-17
1477,Toni Stafford,Finance,56327,2022-01-25
1478,Nancy Kim,Operations,61502,2017-06-02
1479,Kimberly Scott,HR,52204,2020-08-11
1480,Cheryl Nelson,Sales,52677,2022-11-17
1481,William Fowler,Marketing,36664,2017-11-06
1482,Emily Reed,Finance,59225,2020-03-20
1483,Brooke Jones,Operations,72561,2025-08-31
1484,Brandon Miles,Operations,40136,2018-09-15
1485,Adrienne Mclean,Marketing,52579,2017-01-08
1486,Miranda Johnson,Finance,52915,2016-01-07
1487,Cheryl Thomas,IT,80751,2020-07-16
1488,Latoya Lee,Finance,70539,2024-01-18
1489,David Patrick,Legal,78911,2024-11-19
1490,Kyle Wilcox,Marketing,54279,2017-02-28
1491,Chelsea Murphy,HR,49630,2020-06-30
1492,Michael Ross,HR,41872,2023-09-12
1493,Timothy Banks,IT,61625,2020-09-04
1494,Michael Ward,Finance,71660,2023-01-22
1495,Beverly Johnson,IT,90526,2017-07-03
1496,Brandon Hampton,HR,42489,2019-06-14
1497,Laura Wilson,IT,75865,2016-11-12
1498,Lori Larson,IT,73088,2022-06-02
1499,Curtis Fritz,Legal,90618,2025-07-14
1500,Jason Barr,Finance,84365,2025-03-02
1501,Daniel Barker,Finance,68677,2016-02-29
1502,Thomas Cooper,Operations,45416,2023-10-09
1503,Megan James,Finance,56548,2024-07-26
1504,Courtney Wood,IT,64464,2021-12-29
1505,Austin Cohen,IT,67393,2017-08-02
1506,Meredith Jackson,IT,77874,2019-04-18
1507,Albert Nelson,Legal,58866,2019-09-26
1508,Nicole Escobar,HR,47375,2021-04-21
1509,James Bender,HR,53113,2020-01-11
1510,Adam Cardenas Jr.,Sales,37192,2015-09-28
1511,Leah West,IT,99143,2017-05-17
1512,Christine Morgan,Legal,75950,2019-01-12
1513,Lisa Stokes,Marketing,65040,2025-01-14
1514,Miss Holly Carroll,Legal,75614,2023-02-13
1515,Crystal Clark,Operations,76473,2022-03-07
1516,Heather Walton,Finance,71116,2020-11-11
1517,Alan Richards,Legal,56475,2017-09-20
1518,Katie Parker,Sales,32993,2023-12-03
1519,Nathan Smith,Legal,84808,2017-11-08
1520,Wesley Hill,Legal,75245,2018-06-12
1521,Megan Brown,Legal,71680,2020-04-14
1522,Henry Perry,Operations,51224,2025-08-08
1523,Kristopher Byrd,IT,97454,2024-04-28
1524,Samuel Kirby,Operations,55793,2022-09-26
1525,Steve Lee,Finance,53632,2018-07-25
1526,Xavier Jenkins,Operations,60480,2021-10-17
1527,Jason Conner MD,HR,50298,2017-12-04
1528,Jessica Harmon,Operations,41543,2022-02-21
1529,Matthew Newton,HR,47481,2017-08-29
1530,Taylor Mills,Sales,54567,2017-12-23
1531,Brittany Haas,Sales,53193,2023-03-09
1532,Kenneth Burgess,Finance,89739,2017-09-02
1533,Elizabeth Smith,Operations,43934,2025-08-07
1534,Matthew Hart,Finance,83996,2024-07-26
1535,Anne Hamilton MD,HR,59544,2024-02-08
1536,Katelyn Macias,IT,99624,2020-04-21
1537,Jessica Olson,Finance,54885,2023-11-27
1538,Elizabeth Ball,Legal,58181,2017-06-03
1539,Thomas Love,Finance,62827,2018-03-04
1540,Devon Robinson,Finance,88964,2025-06-28
1541,William Sanchez,HR,42677,2020-10-28
1542,Michael Goodman,HR,51208,2024-02-22
1543,Cheryl Baker,Marketing,47362,2022-03-18
1544,Mary Day,HR,42734,2020-03-16
1545,Paul Shaw,HR,54330,2020-11-14
1546,Annette Lara,IT,60336,2023-12-04
1547,Megan Bennett,Finance,80034,2016-07-04
1548,Katherine Barker,Operations,41715,2015-10-15
1549,Mrs. Christine Thomas,Legal,62558,2018-02-28
1550,Ryan Owens,Marketing,58084,2021-05-28
1551,Nathaniel Ross,Sales,54150,2017-02-07
1552,Carla Anderson,Marketing,38889,2025-07-25
1553,Ricardo Wilson,Legal,59386,2017-10-16
1554,James Raymond,HR,41275,2017-07-05
1555,Jim Hamilton,Legal,81443,2021-08-01
1556,Michelle Valenzuela,Operations,45934,2023-08-31
1557,Alexander Stone,Marketing,61300,2017-03-29
1558,Edwin Brock,Marketing,43447,2017-10-21
1559,Diane Delgado,Legal,82803,2021-10-20
1560,Michael Beck,HR,45798,2016-03-28
1561,Pamela Price,HR,44658,2019-02-20
1562,Michelle Robinson,Marketing,39351,2025-01-14
1563,Kathryn Hurst,Finance,78573,2024-02-22
1564,Peter Cervantes,Finance,85364,2023-10-05
1565,Luis Thomas,HR,54814,2023-12-22
1566,Kim Ellison,Legal,85686,2015-10-16
1567,Veronica Hodges,HR,41688,2018-09-19
1568,Mr. Christopher Chung,Operations,58439,2021-05-31
1569,Christopher Fleming,Legal,55588,2025-09-05
1570,Matthew Kim,Finance,87154,2023-02-19
1571,Shannon Brown,Finance,69892,2016-09-11
1572,Tanya Chandler,HR,52501,2019-05-10
1573,George House,Marketing,68603,2023-05-29
1574,Wayne Ortega,Legal,71535,2022-04-12
1575,Jessica Nguyen,Marketing,65889,2024-10-23
1576,Nancy Hawkins,Marketing,55459,2019-02-07
1577,Whitney Williams,Finance,70010,2018-11-16
1578,Laura Trevino,Finance,53939,2019-05-25
1579,Jesse Joyce,Finance,76803,2022-09-06
1580,Annette Turner,Marketing,50267,2024-11-11
1581,Johnathan Ruiz,IT,63127,2021-02-28
1582,Thomas Hayes,Operations,77639,2025-04-16
1583,Meghan Mcconnell,Marketing,55074,2018-07-17
1584,Jacob Hunter,Sales,40019,2019-03-22
1585,Stephanie Simpson,IT,86657,2019-11-09
1586,Ashley Coleman,Sales,56248,2023-09-07
1587,Sandra Medina,Finance,63201,2021-10-26
1588,Debra Miller,Operations,73365,2018-10-11
1589,Timothy Chavez,Legal,93856,2017-08-01
1590,Justin Holt,HR,49451,2021-08-30
1591,Craig Hamilton,Finance,68733,2025-03-29
1592,Samantha Wood,Operations,71919,2020-09-04
1593,Julie Williams,IT,83882,2019-09-24
1594,Patrick Hicks,Marketing,72065,2018-10-27
1595,Sandra White,Finance,78185,2017-02-26
1596,Lindsey Simpson,IT,73635,2021-10-11
1597,Karen Wheeler,Legal,75661,2022-04-25
1598,Monica James,Marketing,42139,2021-04-01
1599,Jodi Jones,IT,61964,2024-05-02
1600,Karen Finley,Operations,45373,2021-09-13
1601,Tracey Brandt,Operations,48074,2020-04-30
1602,Mikayla Stone,IT,93432,2021-03-15
1603,Jason Sanchez,Sales,57052,2023-05-22
1604,Tyler Lewis,Sales,61647,2016-08-09
1605,Jeremy Jensen,Finance,82375,2020-03-05
1606,Dr. Anthony Hamilton,Marketing,71247,2023-11-09
1607,Kathleen Sullivan,Sales,46643,2023-09-16
1608,Aaron Stein,Operations,68877,2024-11-07
1609,Erin Morgan,Legal,85098,2016-07-22
1610,Shawn Reynolds,HR,57790,2025-04-28
1611,Michelle Robinson,IT,79372,2016-12-11
1612,Brian Taylor,Operations,64826,2018-07-22
1613,Logan Vega,Finance,63884,2018-12-05
1614,Martin Burton,IT,82341,2021-01-29
1615,Lisa Weeks,Operations,51847,2021-03-21
1616,Nathaniel Barron,HR,50574,2019-08-29
1617,Curtis Vasquez,IT,80002,2021-08-26
1618,Kimberly Brooks MD,Operations,55547,2016-10-25
1619,Laura Conner,Sales,64820,2025-07-19
1620,Sarah Smith,IT,72670,2017-05-23
1621,Colleen Holt,Legal,59827,2021-05-22
1622,Michael Rodgers,Finance,66472,2015-10-19
1623,Larry Dean,Legal,91462,2017-08-31
1624,Robert Martinez,Operations,59030,2018-05-12
1625,Derrick Warner,HR,49061,2017-09-23
1626,Casey Hughes,Finance,89965,2016-08-13
1627,Jillian Mills,Operations,71254,2016-08-23
1628,Rebecca Ramirez,Operations,59900,2017-06-02
1629,Joseph Villanueva,Legal,63528,2021-03-14
1630,Shawna Bell,Sales,55897,2019-05-18
1631,Donna Delgado,IT,60079,2019-12-29
1632,Sean Flores,Legal,60754,2023-04-30
1633,Janet Johns,Marketing,43759,2015-12-18
1634,Kyle Russell,Marketing,56015,2023-11-24
1635,Eileen Garcia,Finance,68767,2017-05-29
1636,Carlos Clark,Legal,60784,2020-01-31
1637,Christopher Peters,Marketing,47694,2017-11-19
1638,Darius Martinez,Operations,79435,2022-11-26
1639,Margaret Wood,Operations,44407,2023-01-03
1640,Steven Reyes,Finance,68473,2023-06-03
1641,Teresa Greer PhD,IT,95418,2023-05-23
1642,Marcus Torres,Marketing,60611,2022-05-28
1643,Brenda Green,Legal,69436,2022-01-03
1644,Stephanie Miller,IT,98657,2019-04-13
1645,Erin Diaz,Legal,60363,2018-05-17
1646,Ruth Stafford,Marketing,35720,2025-05-16
1647,Pamela Williams,Operations,42334,2017-10-25
1648,Donald Brooks,Sales,54320,2025-03-11
1649,Elizabeth Smith,Legal,66519,2023-04-14
1650,Amanda Garcia,Finance,81969,2024-07-14
1651,Brian Hardy,Finance,87698,2019-02-12
1652,Sandra Johnson,Legal,65770,2023-04-27
1653,Rebecca Stephens,Marketing,68900,2015-09-25
1654,Joshua Jones,HR,54657,2019-07-09
1655,Kelli Smith,Operations,64645,2018-09-13
1656,Emily Baker,Finance,61733,2020-01-15
1657,Brandon Ray,Legal,83255,2020-10-23
1658,Michael Hines,Finance,87849,2023-11-23
1659,Joshua Harris,IT,61038,2018-03-14
1660,John Smith,Marketing,70200,2019-12-22
1661,Jennifer Thomas,Sales,48887,2016-02-08
1662,Maria Harvey,Finance,53836,2017-03-07
1663,Pamela Mccall,Marketing,46816,2021-05-31
1664,David Baker,Finance,79182,2025-06-07
1665,Carol Bishop,Sales,55710,2024-09-23
1666,Caleb Little,Sales,64731,2016-01-11
1667,Anna Morrison,IT,65134,2022-11-02
1668,Mr. Michael Mcintyre,Operations,40420,2019-11-19
1669,Robin Ferguson,Operations,41158,2023-09-13
1670,Cassie Lindsey,IT,94163,2021-02-16
1671,Deborah Davis,Operations,43056,2022-10-25
1672,Heather Romero,IT,64778,2022-05-17
1673,Shelly Hernandez,Finance,52368,2020-07-03
1674,Johnathan Shannon,HR,56132,2025-07-04
1675,Joel Coleman,Marketing,64958,2025-03-01
1676,Zachary Robles,Marketing,35677,2017-08-02
1677,Ashley Hays,Finance,53205,2016-04-09
1678,Mitchell Fowler,HR,51156,2020-10-12
1679,Timothy Sullivan,Marketing,71646,2016-09-09
1680,Christopher Aguilar,Marketing,38229,2023-06-17
1681,Keith Torres,Legal,59175,2020-04-24
1682,Kathy Butler,HR,48234,2016-11-19
1683,Andrew Lee,HR,44248,2024-11-29
1684,Tiffany Savage,Operations,75635,2024-04-11
1685,Tiffany Jackson,Marketing,62329,2021-10-19
1686,Jennifer Rivera,HR,50269,2020-02-12
1687,Daniel Bennett,Marketing,72015,2017-01-06
1688,Mark Mcgee,Legal,86700,2018-08-24
1689,Timothy Martinez,Sales,52003,2020-07-28
1690,Amanda Medina,Finance,71813,2017-04-28
1691,Lisa Munoz,Operations,60557,2022-07-05
1692,Taylor Le,IT,65398,2020-12-14
1693,Matthew Lopez,IT,98146,2016-05-12
1694,Jennifer Hart,Sales,63313,2025-02-19
1695,Ann Olson,HR,51242,2024-12-02
1696,Danielle Dean,HR,42907,2023-11-14
1697,Karen Fry,Finance,54368,2023-10-28
1698,Amanda Cunningham,Finance,88709,2018-12-14
1699,Seth Gomez,IT,76837,2025-05-03
1700,Samuel Murphy,Sales,30148,2025-01-25
1701,Jennifer Cannon,IT,70782,2021-11-21
1702,Paul Owens,Legal,59430,2019-09-21
1703,Christine Thomas,Sales,52792,2016-10-23
1704,Jennifer Schmidt,Marketing,38391,2019-11-14
1705,Vanessa Wood,HR,57629,2018-10-21
1706,William Martinez,Operations,63176,2020-11-27
1707,Cindy Lopez,Finance,56391,2024-09-10
1708,James Salinas,Legal,94260,2022-03-19
1709,Arthur Cohen,Legal,85432,2020-09-15
1710,Rebecca Perry,Finance,89781,2019-10-20
1711,Michael Choi,Marketing,49950,2020-10-21
1712,Heidi Griffin,HR,49673,2019-12-31
1713,Courtney Mcconnell,Finance,55013,2015-11-13
1714,Sandra Morgan,Sales,67017,2017-10-24
1715,William Houston,Marketing,68833,2023-02-10
1716,Valerie Daniels,Legal,84932,2022-01-02
1717,Cathy Parker,HR,52039,2024-05-18
1718,Jimmy Ramirez,Operations,49434,2018-02-07
1719,Susan Walter,Operations,51262,2025-08-23
1720,Angel York,IT,88540,2019-12-27
1721,Wayne Bailey,Legal,57476,2023-08-22
1722,Monique Ruiz,Marketing,59509,2023-05-30
1723,Brittany Rodriguez,Sales,63780,2024-10-18
1724,Luis Hernandez,Sales,35281,2021-11-06
1725,John Richard,Marketing,36079,2023-12-12
1726,Michael Henderson,Finance,75610,2023-05-12
1727,Catherine Peterson,IT,63694,2021-12-03
1728,Donald Rubio,Sales,59897,2024-08-11
1729,Tyler Peters,Marketing,64532,2024-03-05
1730,Douglas Richard,Marketing,48009,2016-04-20
1731,Eric Saunders,HR,51297,2025-02-22
1732,Emily Bowers,HR,58473,2023-06-10
1733,Amber Velez,Marketing,48278,2023-01-05
1734,Theresa Beck,Marketing,58760,2017-02-23
1735,Jeff Perkins,Marketing,71936,2025-08-19
1736,Justin Gibson,IT,72439,2017-12-10
1737,Katherine Turner,Finance,78455,2023-10-28
1738,Sean Garcia,Operations,46404,2018-10-20
1739,Kyle Powell,Marketing,73574,2019-06-03
1740,Emily Smith,Operations,55727,2023-11-26
1741,Larry Yang,Finance,72318,2016-11-28
1742,David Flynn,Marketing,69440,2021-03-03
1743,Matthew Thomas,Legal,68543,2017-05-18
1744,Laura Nichols,Legal,68498,2025-06-28
1745,Emma Cordova,Operations,56431,2020-10-18
1746,David Davis,Sales,47300,2017-07-30
1747,Ashley Thomas,Sales,40767,2016-01-13
1748,Eric Nichols,Sales,37244,2021-01-20
1749,Ian Smith,Finance,74200,2016-01-25
1750,Erin Sullivan,Marketing,55136,2018-02-19
1751,Christie Ross,Legal,68282,2015-12-09
1752,Melissa Ward,Legal,90619,2023-04-07
1753,Timothy Dixon,Legal,72363,2025-01-28
1754,Andrea Blair,Legal,76816,2022-12-17
1755,Denise Collier,Marketing,50951,2024-05-08
1756,Katrina Cox,IT,60797,2024-07-18
1757,Dawn Jackson,Legal,55724,2019-05-20
1758,Chelsea Green,Operations,55585,2025-02-26
1759,Madison Francis,Finance,88192,2016-07-31
1760,Amanda Hill,HR,55600,2019-07-26
1761,Suzanne Barrera,HR,48788,2015-10-07
1762,Timothy Martinez,IT,60968,2016-07-03
1763,Angela Snow,Marketing,49924,2023-04-10
1764,Nicholas West,HR,51763,2018-10-07
1765,Patrick Schneider,Marketing,45582,2021-08-10
1766,Amy Scott,Operations,72008,2019-02-17
1767,George Tucker,Marketing,58218,2018-12-15
1768,Steven Thomas,Operations,64400,2023-03-16
1769,Timothy Johnson,HR,55056,2022-11-18
1770,Elizabeth Reilly,IT,69925,2022-11-20
1771,Valerie Hill,Finance,52474,2025-06-24
1772,Nathan Rodriguez,Sales,55240,2022-12-28
1773,Christian Davis,Legal,86453,2020-04-03
1774,David Ramirez,HR,58625,2017-11-11
1775,Michael Chung,IT,88646,2017-12-18
1776,Shannon Davis,HR,44443,2015-12-10
1777,Donna Walters,Legal,76331,2019-04-25
1778,Tara Mendoza,HR,49999,2020-12-30
1779,Dr. Ebony Dudley,Sales,34345,2025-08-01
1780,Adam Tucker,HR,47416,2016-11-15
1781,Nicholas Kim,Finance,80542,2019-07-09
1782,Natalie Mills,Finance,54159,2023-03-14
1783,Kathy Robbins,IT,93363,2023-02-09
1784,Monica Powell,Marketing,51279,2019-09-19
1785,Dawn Miles,Operations,44215,2018-08-15
1786,Alexandria Alexander,IT,60346,2022-08-28
1787,Megan Medina,Marketing,43307,2023-01-03
1788,Larry Rice,Marketing,61817,2024-11-16
1789,Tommy Reese,Marketing,49289,2023-07-25
1790,Kelly Alvarado,Operations,76977,2016-10-14
1791,Tina Clark,Finance,79477,2023-10-03
1792,Anna Walker,HR,51350,2020-06-29
1793,Dominique Perez,Finance,75551,2023-06-15
1794,Kyle Lee,HR,46927,2018-11-17
1795,Justin Livingston,Operations,65881,2018-04-25
1796,Evan Wright,Sales,34493,2019-08-25
1797,Michael Osborne,HR,58636,2016-06-18
1798,Stephanie Burton,Marketing,44623,2021-09-05
1799,Todd Ramirez,Legal,67998,2018-08-22
1800,Catherine Roberts,Legal,75266,2022-09-07
1801,Denise Cook,HR,57937,2022-10-14
1802,John Brown,Legal,63234,2021-01-15
1803,Leslie Fisher,Operations,46809,2024-07-03
1804,Dennis Lynch,IT,96372,2020-09-25
1805,Wendy Jones,Legal,75260,2023-10-23
1806,Melissa Richardson,HR,49250,2022-02-12
1807,Ronald Gordon,Legal,92200,2015-11-18
1808,Terri Williams,Marketing,40213,2019-05-25
1809,Daniel Campbell,IT,81431,2018-10-11
1810,James Fox,HR,47742,2017-07-30
1811,Rebecca Hughes,Operations,61149,2022-10-10
1812,Christopher Collins,Marketing,55667,2019-05-25
1813,Christina Carey,Finance,81219,2023-09-30
1814,Duane Brown,Sales,49114,2018-05-26
1815,Kelly Bell,Operations,75500,2016-06-06
1816,Sarah Smith,Legal,77651,2019-06-16
1817,Erik Jones,IT,76825,2020-04-09
1818,Laura Eaton,Sales,38831,2019-11-16
1819,Lindsey Hall,HR,48393,2016-12-13
1820,David Callahan,Sales,59338,2025-01-06
1821,Joseph Davis,IT,82217,2020-09-27
1822,Sandra Austin,Legal,92880,2021-07-08
1823,Kayla Hernandez,IT,69194,2022-09-12
1824,Valerie Ray,Legal,90227,2019-09-06
1825,Jennifer Abbott,Operations,57047,2023-01-03
1826,Rebecca Winters,Marketing,36918,2022-07-03
1827,Daniel Woods,IT,86923,2015-11-05
1828,Brandi Martinez,HR,46538,2020-10-22
1829,James Peck,Finance,83788,2016-03-20
1830,Scott Edwards,Legal,94729,2023-03-15
1831,Robert Wood,IT,76365,2022-09-03
1832,Christine Chambers,Legal,70796,2020-06-28
1833,Brandy Holloway,Operations,76360,2023-08-04
1834,Jeffery Jimenez,Finance,51269,2022-09-08
1835,Catherine Henry,Marketing,39308,2020-01-19
1836,John Nelson,Operations,43277,2018-01-15
1837,Joseph Garza,Finance,72221,2018-10-12
1838,Eric Taylor,Operations,49520,2022-08-10
1839,George Nelson,Finance,61343,2016-04-12
1840,Robin Li,Operations,47279,2025-02-04
1841,Derek Mueller,IT,60431,2024-01-11
1842,David Gonzales,Legal,94646,2021-02-22
1843,Shawn Curry,Operations,59187,2022-03-09
1844,Katie Williams,Finance,62390,2022-05-11
1845,Jonathan Young,Marketing,52025,2019-05-27
1846,David Chase,IT,62871,2017-06-23
1847,Mrs. Mariah Olsen,IT,60353,2015-10-16
1848,Samantha Jones,HR,40249,2020-05-09
1849,Jerry Berger,IT,85983,2022-03-29
1850,Melissa Thompson,HR,40382,2019-09-07
1851,Tiffany Evans,HR,59287,2023-10-24
1852,Daniel Curry,Legal,60744,2022-04-02
1853,Patrick Brown,Finance,62571,2023-05-29
1854,Richard Gonzalez,Legal,80575,2024-11-12
1855,Eric Malone,Operations,53705,2022-04-24
1856,Meredith Hernandez,Finance,84441,2023-03-31
1857,Dr. Stephanie Warren MD,Marketing,43716,2018-03-19
1858,Jesse Lee,Operations,44600,2019-10-27
1859,Terry Stevens,Finance,54469,2019-07-27
1860,Tracy Wilson,Finance,51467,2017-09-07
1861,Kendra Hall MD,Sales,68093,2024-03-31
1862,Diane Mccarthy,Legal,90380,2023-08-06
1863,Kimberly Warren,Marketing,57300,2025-07-08
1864,Mr. Kenneth Krause PhD,Finance,60338,2023-05-14
1865,Erin Neal,Finance,83257,2020-03-24
1866,Laura Rojas,Marketing,45562,2017-01-27
1867,Emma Stone,Finance,88248,2018-10-02
1868,Lauren Flores,HR,59703,2020-10-11
1869,Mark Butler,IT,80312,2019-11-27
1870,Caitlyn White,Finance,73234,2018-09-26
1871,Tabitha Harrell,Finance,64043,2022-06-14
1872,Edward Bowman,Marketing,46217,2022-12-22
1873,Lori Williams,Marketing,50807,2019-02-15
1874,Katherine Smith,Sales,37631,2016-09-24
1875,Jonathan Blair,IT,93420,2016-03-27
1876,Krista Mclean,HR,49957,2018-09-09
1877,Brenda Hendricks,IT,63243,2016-06-26
1878,Judy Allen,Operations,41627,2015-10-06
1879,Yolanda Reeves,Finance,54363,2020-01-15
1880,Andrew Miller,Sales,32351,2025-05-24
1881,Cathy Cook,Operations,79910,2023-06-15
1882,Michelle Graham,HR,59863,2018-08-16
1883,Mckenzie Smith,HR,41086,2019-05-27
1884,Michael Burns,Sales,58550,2017-03-23
1885,Amanda Lee,Marketing,42819,2019-04-06
1886,Mary Brown,Legal,67262,2016-06-03
1887,Sandra Dalton,Finance,79209,2018-04-21
1888,Courtney Buckley,Marketing,47780,2019-11-02
1889,Chase Mack,Legal,67435,2019-04-26
1890,Jackson Ruiz,Operations,59335,2025-01-08
1891,Andrew Reyes,Sales,57009,2017-11-12
1892,Jeanne Stewart,Sales,54622,2020-06-19
1893,Lindsey Harrison,Legal,69958,2019-02-12
1894,Frank Wright,Operations,71406,2021-10-27
1895,Mary Ward,Sales,69279,2017-01-30
1896,Jennifer Cook,HR,42365,2020-08-24
1897,Sarah Davis,Sales,64291,2022-12-24
1898,Kathryn Richardson,HR,58994,2023-07-11
1899,Matthew Miller,Operations,56324,2021-09-23
1900,Lori Johnson,Legal,77971,2018-07-06
1901,Renee Gill,Marketing,41549,2023-01-31
1902,Kelly Simmons,Operations,52971,2024-07-28
1903,Michael Harris,Operations,50957,2023-07-05
1904,Jeffrey Wang,Finance,80806,2025-06-24
1905,Devin Drake,Legal,84887,2017-08-15
1906,Veronica Buckley,IT,97184,2020-11-25
1907,Monica Ball,Operations,69524,2023-11-07
1908,Mr. Robert Cooper Jr.,IT,74687,2022-10-09
1909,Zachary Gonzalez,Legal,55887,2018-10-06
1910,Sara Miller,HR,49682,2024-10-23
1911,Michael Bailey,Marketing,73778,2018-10-14
1912,Jonathan Johnson,Sales,67093,2024-09-18
1913,Phyllis Moore,Marketing,58499,2023-07-21
1914,Robert Hester,HR,43503,2022-10-13
1915,Anita Hernandez,Legal,76375,2021-10-05
1916,Kyle Gardner,Sales,34241,2022-12-14
1917,Thomas Howard,HR,59223,2021-10-17
1918,James Pierce,HR,46527,2016-02-08
1919,Tyrone Townsend,HR,42916,2023-02-25
1920,Kaitlyn Smith,Marketing,60454,2016-01-04
1921,James Clark,IT,80171,2021-01-01
1922,Dennis Lee,Operations,46485,2023-09-28
1923,Mrs. Kara Morgan DDS,Marketing,44738,2019-02-04
1924,Amy Waters,Operations,63741,2016-07-24
1925,Kenneth Shields,IT,86041,2019-03-22
1926,Patricia Ward,IT,60600,2019-03-24
1927,Steven Cooper,IT,78205,2024-12-09
1928,Zachary Nguyen,Operations,53445,2015-12-22
1929,Carlos Rodriguez,Marketing,46814,2021-07-10
1930,Tanner Gutierrez,Marketing,67727,2018-05-22
1931,Kristen Jackson,Finance,67044,2023-03-06
1932,Gabriella Hernandez,IT,73457,2025-06-28
1933,Kathleen Torres,Legal,80066,2019-05-24
1934,Stephen Lee,Legal,61512,2018-03-12
1935,Kimberly Rodriguez,HR,52562,2025-07-08
1936,Jennifer Andrews,Legal,56707,2019-12-25
1937,Meghan Jenkins,Sales,38260,2019-02-03
1938,James Martinez,IT,75836,2024-10-15
1939,Rebecca Beck,Operations,43746,2021-09-03
1940,Andrea Page,Finance,69291,2018-03-09
1941,Nicole Barrera,HR,59865,2025-09-05
1942,Mitchell Nelson,Operations,55131,2019-12-18
1943,Thomas Hill,HR,59604,2021-10-13
1944,Jill Duncan,IT,65103,2023-06-29
1945,Edward Griffin,Sales,30487,2020-05-15
1946,Michael Dennis,Marketing,54279,2023-05-02
1947,Devin Gordon,Finance,82379,2019-02-15
1948,Anna Howard,Legal,56144,2016-12-16
1949,Emily Paul,IT,82229,2025-01-07
1950,Katrina Hernandez,Legal,73404,2018-08-28
1951,Tonya Hall,Marketing,38614,2022-06-08
1952,Kelly Bailey,IT,86405,2016-10-03
1953,Chad Burke,Operations,79274,2019-02-11
1954,Linda Mitchell,Sales,54813,2025-03-09
1955,Mr. Harold Edwards,Operations,66658,2023-05-09
1956,Jeffery Wilson,Operations,45987,2019-07-02
1957,Benjamin Hall,Legal,58020,2021-01-31
1958,Michael Hernandez,HR,54126,2017-06-14
1959,Benjamin Bentley,Sales,40250,2018-08-30
1960,Amber Webb,Sales,68921,2016-05-15
1961,Patrick Johnson,HR,51623,2023-06-28
1962,Jose Garcia,Sales,49456,2018-12-16
1963,Scott Roth,HR,45031,2018-12-10
1964,Lisa Davis,Marketing,44379,2024-01-14
1965,Mary Elliott,Marketing,45082,2017-02-08
1966,Kevin Sellers PhD,Marketing,42713,2023-06-23
1967,Julie Moss,Legal,67056,2016-05-15
1968,Bradley Riddle,Legal,79157,2024-05-24
1969,Vicki Nelson,IT,98772,2018-11-14
1970,Wayne Joseph,IT,71374,2019-11-20
1971,Christopher Lopez,Legal,77400,2020-12-01
1972,Lisa Johnson,Operations,52939,2022-10-20
1973,Johnathan Johnston,IT,67506,2016-01-25
1974,Michelle Smith,IT,90590,2022-11-23
1975,Matthew Gonzalez,HR,55416,2019-08-07
1976,Michael Taylor,Finance,74971,2021-10-02
1977,Billy Miranda,Operations,40961,2022-09-13
1978,Angelica Johnson,Legal,57502,2022-07-08
1979,James Rivers,Marketing,55386,2020-05-22
1980,Christina Gordon,Marketing,44665,2022-04-26
1981,Destiny Fisher,IT,79699,2021-10-03
1982,Amy Juarez,Sales,40038,2024-01-22
1983,Shawn Farmer,Sales,43689,2020-12-02
1984,Erica Lawson DDS,IT,70996,2018-01-27
1985,Heather Gonzalez,Sales,36578,2025-06-04
1986,Beverly Jacobson,HR,57926,2017-10-05
1987,Robin Robinson,Marketing,74464,2020-12-11
1988,Robert Fowler,Operations,60021,2025-04-06
1989,Gary Morales,Finance,63381,2017-04-22
1990,Bryan Bryant,Finance,56236,2016-09-29
1991,Sean Mccarty,IT,65535,2018-12-20
1992,Christopher Bennett,HR,40757,2024-02-18
1993,Jennifer Morrison,IT,79294,2016-10-09
1994,James Harris,IT,72265,2022-09-01
1995,Natasha Craig,IT,77947,2019-06-17
1996,April Dawson,Marketing,63787,2021-02-09
1997,Robert Duncan,Sales,37279,2022-02-23
1998,Mr. Edward Travis,IT,69044,2021-01-19
1999,Tanya Fuentes,Marketing,68859,2022-12-08
2000,Mary Wong,Marketing,61061,2022-11-11